BRANCH,Walker,Albany Park,Avalon,Brainerd,Portage-Cragin,Little Italy,Edgebrook,Kelly,Edgewater,North Austin,Canaryville,"Daley, Richard J.",Manning,Pullman,"Whitney M. Young, Jr.",Greater Grand Crossing,Sherman Park,Altgeld,West Lawn,Back of the Yards,Scottsdale,Garfield Ridge,King,Water Works,"Daley, Richard M.",Humboldt Park,Thurgood Marshall,Blackstone,North Pulaski,West Town,Budlong Woods,Lincoln Park,West Englewood,Archer Heights,Hegewisch,Independence,Lozano,Sulzer Regional Library,Chinatown,Douglass,Logan Square,Rogers Park,Galewood-Mont Clare,West Belmont,Bucktown-Wicker Park,Northtown,Merlo,West Pullman,Beverly,Legler Regional,Toman,Austin,Wrightwood-Ashburn,Jefferson Park,McKinley Park,South Shore,Clearing,Mount Greenwood,Uptown,Chicago Lawn,Harold Washtington Library Center,Brighton Park,West Chicago Avenue,Little Village,Lincoln Belmont,Gage Park,Oriole Park,Dunning,Bezazian,West Loop,Roden,Jeffery Manor,Hall,Near North,Coleman,Austin-Irving,Woodson Regional Library,Mayfair,Chicago Bee,Vodak-East Side,South Chicago
Walker,0,9181.4,3004.8,1501.5,8938.9,5672.7,10611,3069.3,9104.7,8318.9,3962.6,4360.4,6337.2,1538.4,2546.3,3163.9,3347,2609.1,3502,3802.7,2834.8,5275.6,4863.3,6825,6927.2,7612.2,2262.3,4523.4,7687.2,6617.7,9161.3,7126.8,2939.5,4256,3770.5,8753.3,5279.4,8317.9,5095.6,5962.2,7695.9,9393,9258.1,9303.4,7019.8,9588.5,7466.6,1174,1060.6,6695.9,5667.1,7717.6,1990.4,9520.9,4527.3,3917.9,4723.4,746.3,8026.5,3505.6,5876.3,4398.7,7508.1,5454.9,7617.4,3592.7,10967.1,10065.8,8522,5957.4,10606.5,3537.6,4079.9,6739.9,3443.5,9596.7,1388.1,9304.3,4690.5,1534.9,3624.4
Albany Park,9224.6,0,8278,7876.5,1908.1,3747.3,1795.2,6377.5,1504.6,3023.5,5373.3,4844.9,3037.6,9213.6,7635.5,7535.5,6171.4,10708.9,6104,5430.9,7176.1,6782,5369,3382.3,2358.5,1972.9,7158.9,6567.2,2306.4,2867.1,708.3,2129.1,6502,5388.1,11291.4,827.8,4041.5,925.2,4471.8,3285.7,1652.8,1747.5,3291.2,2550.1,2133.7,1323.9,2091.4,9416.9,8545.5,3198.4,4180.8,3549.7,7447.1,1194.7,4537.3,7830.9,7223.1,8949.3,1691.9,6062.9,3831,4874.8,3048.2,3720.4,1639.4,5515.4,2598.1,2961,1374.6,3404.1,2223.6,9379.4,6003.1,2956.9,6972.7,1991.1,8343.3,723.3,5408.9,9052.1,9027.9
Avalon,2999.6,8457.4,0,1755.6,8214.9,4967.4,9887,2093.8,8418.1,8165.9,3140.5,3642.7,5625.6,2226.3,803.8,763.2,2837.4,3319.7,3795.7,3660.2,3517.3,5568,3046.6,5355.4,6553.1,6822,1843,2031.7,7499.8,5893.7,8437.3,6442.2,2767.4,4560,3096.1,8029.3,4567.8,7593.9,3985.5,5817.2,6971.9,8706.4,9105.1,8801.6,6295.8,8864.5,6798.7,3206.8,2406.5,6540,5594.5,7564.6,2875,8796.9,4246.3,1010.4,5015.8,3577.8,7358.6,3484.9,4562.5,4377,7355.1,5348.9,6984,3571,10243.1,9513,7835.4,5233.4,9882.5,1280.2,2432.8,5645.6,1318,8872.7,1954.9,8580.3,3100.6,1927,1011.5
Brainerd,1481.5,7906.1,1794.2,0,7663.6,4397.4,9335.7,1845.2,7829.4,7106.8,2694.9,3085.1,5061.9,1941,1335.7,1953.3,1973.9,3146.6,2620.5,2497.6,2047.8,4393,3621.8,5549.7,5512.8,6336.9,836.4,3312.8,6457.3,5342.4,7886,5851.5,1594.3,3384,4408.7,7478,4004.1,7042.6,3820.3,4725,6420.6,8117.7,8046,8091.3,5744.5,8313.2,6191.3,1761.2,677.3,5469.3,4470.4,6505.5,1405.5,8245.6,3070.1,2707.3,3840.8,2040.1,6751.2,2308.9,4601,3202,6296,4287.2,6342.1,2396,9691.8,8961.7,7246.7,4682.1,9331.2,2838.8,2838.4,5464.6,2232.9,8321.4,895.4,8029,3415.2,1779.3,2713.1
Portage-Cragin,8793.7,1909.8,8137.3,7697.8,0,3568.6,2010.3,6198.8,3363.4,1147.4,5194.6,4666.2,2858.9,9034.9,7494.8,7394.8,5992.7,10530.2,5262.1,5300.2,6334.2,5153.5,5228.3,3676.9,2200.4,1814.8,6980.2,6426.5,1259.1,2688.4,2584.9,2430.4,6371.3,4546.2,11191.5,1328.8,3862.8,2170.8,4293.1,2962.9,1471.8,3624.1,1454.2,773.5,1955,3200.5,2382.6,9238.2,7935.4,2328.4,3318,1673.6,7206.6,960.3,4722.7,7731,5594.6,8708.8,2791,5479.2,3753.9,4634.3,1465.2,3500,1926,5274.9,2315.3,1398.8,2862.9,3225.4,2101.8,9279.5,5824.4,3185.1,6832,935.1,8164.6,1331.3,5230.2,8873.4,8928
Little Italy,5777.1,3806.4,4915.2,4429,3563.9,0,5236,2930,4169.7,3352,1925.8,1397.4,820.8,5766.1,4242.9,4172.7,2723.9,7261.4,3851.2,2272.6,4953.9,4454.2,2009.7,1800.5,1739.2,2086.7,3711.4,3203.9,2685.9,1226.6,3919.8,2256.3,3059.9,3168.4,8032.7,3378.3,455.7,3076.4,1123.1,1187.2,2320.9,4424.1,4291.2,4150.6,1644.8,4347,2442.1,5969.4,5098,1756.5,1853,2750.7,4759.8,4145.9,1453.6,4572.2,4895.3,5962.2,3002,3384.2,1201,2391.8,2541.2,1368.2,2582.4,2836.7,5592.1,4862,3596,686.7,5231.5,6120.7,2555.6,1715.4,3609.9,4221.7,4895.8,3929.3,1961.4,5604.6,5769.2
Edgebrook,10640.9,1788.9,9732.3,9292.8,2074.1,5163.6,0,7793.8,2841,2942.5,6789.6,6261.2,4453.9,10629.9,9089.8,8989.8,7587.7,12125.2,7278.7,6872.2,8350.8,7019.5,6823.3,5025.8,3799.8,3413.4,8575.2,8021.5,3224.6,4283.4,2044.7,3772.6,7943.3,6562.8,12786.5,2081.1,5457.8,2568.7,5888.1,4525.3,3059.6,2440.7,3013.1,2268.8,3550,2085,3734.9,10833.2,9527.3,4251.5,5241.1,3596.7,8798.5,1084,6294.7,9326,7460.6,10300.7,3335.4,7414.3,5474.5,6226.2,3388.3,5079.5,3282.9,6866.8,1754.4,2620.6,3018.1,4820.4,1007.8,10874.5,7419.4,4600.4,8427,1682.5,9759.6,1391.2,6825.2,10468.4,10523
Kelly,3097.5,6446.4,2067.7,1820.3,6203.9,2937.7,7876,0,6369.7,6142.5,1130.1,1625.4,3602.2,2895,1371.8,1325.2,805.6,4390.3,2031.7,1620.2,2793.8,3807.3,1852.3,3869.2,4529.7,4877.2,1104.7,1700,5476.4,3882.7,6426.3,4391.8,899.2,2543.7,5033.8,6018.3,2544.4,5582.9,2295.6,3793.8,4960.9,6658,7081.7,6790.6,4284.8,6853.5,4731.6,3289.8,2486.6,4516.6,3588.3,5541.2,2599.2,6785.9,2240.1,2047.9,3410.2,3675.7,5291.5,1626.8,3076.3,2354.6,5331.7,3342.7,4882.4,1553.5,8232.1,7502,5787,3222.4,7871.5,3217.9,1068.9,4004.9,1050,6861.7,2068.9,6569.3,1648.3,2733.5,2949.2
Edgewater,9299.7,1580.4,8246,7951.6,3354.4,4118.3,2917.2,6452.6,0,4424.8,5448.4,4920,3555.2,9273.9,7603.5,7503.5,6246.5,10769.2,7322.7,5937.8,8425.4,7815.5,5337,3376.8,3623.1,3188.1,7234,6535.2,3707.3,3233.4,1072.6,2097.1,6962.8,6421.6,11259.4,2274.1,4393.9,1288.8,4565,4594.7,2757.4,751.2,4727.6,3996.4,2681.1,1036,1765.4,9492,8620.6,4532.1,5214.3,4951,8239.9,2641,4989.4,7798.9,8256.6,9877.9,1145.3,6855.7,3799,5863.3,4447.3,4729.5,1807.4,6308.2,4044.4,4407.3,761.5,3596.4,3771.7,9347.4,5964,2924.9,6940.7,3437.4,8418.4,2169.6,5402.7,9112.4,8995.9
North Austin,8232.6,3068.7,8119,7148,1184,3340.5,2776.9,6133.8,4514.6,0,5129.6,4563,2595.9,8969.9,7446.7,7376.5,5626.1,10002.1,4701,4739.1,5773.1,4283.8,5207.5,3753.7,1792.3,1792.2,6551.8,6401.7,936.1,2584,3703.4,2792.6,5810.2,3985.1,11257.9,2487.7,3642.4,3283.1,4348.3,2401.8,1868.6,4742.6,1010.9,1109.6,2149.9,4319,3376.4,8616.7,7374.3,1767.3,2756.9,679.4,6645.5,1833.5,4161.6,7797.4,4724.9,8147.7,3784.8,4918.1,3817.8,4073.2,891.7,2938.9,2919.8,4713.8,2836.8,1871.5,3965.7,3104.6,2751.6,9269.2,5759.4,3261.9,6813.7,1553.1,8035.2,2414.1,5159.2,8808.4,8994.4
Canaryville,3984.4,5434.1,3105,2673.8,5191.6,1925.4,6863.7,1137.3,5357.4,5130.2,0,613.1,2589.9,3973.4,2450.2,2362.5,991.7,5468.7,2726.7,1153.1,3649.4,3763.8,1048.4,3077.7,3517.4,3864.9,1956.2,1452.9,4464.1,2870.4,5414,3379.5,1701.9,2331.9,6071.1,5006,1532.1,4570.6,1348.3,2781.5,3948.6,5645.7,6069.4,5778.3,3272.5,5841.2,3719.3,4176.7,3342.8,3504.3,2576,4528.9,3452.7,5773.6,1227.8,2985.4,4033.2,4562.6,4279.2,2259.7,2129,1566.8,4319.4,2330.4,3870.1,1751.9,7219.8,6489.7,4774.7,2210.1,6859.2,4255.2,726.7,2992.6,1799.7,5849.4,3103.1,5557,823,3811.9,3986.5
"Daley, Richard J.",4451.4,4913.8,3615.5,3065.9,4671.3,1372,6343.4,1630.3,4837.1,4576.8,626.1,0,2036.5,4466.4,2943.2,2873,1360.8,5961.7,3102.1,1485.6,4024.8,4024.5,800.2,2557.4,2964,3311.5,2348.3,1994.4,3910.7,2350.1,4893.7,2859.2,2077.1,2582.9,6581.6,4485.7,978.7,4050.3,828,2228.1,3428.3,5125.4,5516,5258,2752.2,5320.9,3199,4643.7,3734.9,2950.9,2140.6,3975.5,3844.8,5253.3,792.4,3410.3,4408.6,5029.6,3758.9,2635.1,1608.7,1591.6,3766,1828.6,3349.8,2122.9,6699.5,5969.4,4254.4,1689.8,6338.9,4765.7,1255.9,2472.3,2310.2,5329.1,3531.7,5036.7,751.9,4304.9,4607.3
Manning,6442.7,3169.4,5606.8,5057.2,2926.9,862.4,4599,3621.6,3528.9,2623.4,2617.4,2050.8,0,6457.7,4934.5,4864.3,3352.1,7953,3797.5,2574.4,5062,4475.5,2695.3,1729,1010.6,1355.6,4339.6,3889.5,1957.3,774,3279,1754.2,3645.5,3081.6,8766.7,2741.3,1130.2,2435.6,1868.3,1170.2,1683.9,3783.3,3562.6,3513.6,1007.8,3706.2,2401.8,6635,5726.2,1176.7,1874.3,2022.1,4876.5,3508.9,1626,5306.2,4916.6,6403.1,2803.4,3492.3,1347.5,2499.9,1812.6,1389.5,1941.6,2944.8,4955.1,4225,2978.5,634.3,4594.5,6854.7,3247.2,1643.9,4301.5,3584.7,5523,3292.3,2647,6296.2,6503.2
Pullman,1543.5,9390,2174.9,1925.2,9147.5,5881.3,10819.6,3057.2,9313.3,9086.1,4036.2,4569,6545.8,0,1930.8,2431.7,3552,1629.1,4387.9,4369.8,3813.1,6160.4,4227,6535.8,7473.3,7820.8,2516.8,3881.1,8420,6826.3,9369.9,7335.4,3474.9,5151.4,2965.3,8961.9,5488,8526.5,5165.9,6737.4,7904.5,9601.6,10025.3,9734.2,7228.4,9797.1,7675.2,1085.8,1811.3,7460.2,6237.8,8484.8,2968.7,9729.5,4951.2,3013.1,5608.2,2113.8,8235.1,4076.3,5742.9,4969.4,8275.3,6025.6,7826,4163.4,11175.7,10445.6,8730.6,6166,10815.1,1601.7,3613.2,6826,2908.6,9805.3,1303.7,9512.9,4281,368.4,2389.9
"Whitney M. Young, Jr.",2521.7,7722.9,785.7,1277.7,7480.4,4232.9,9152.5,1358.2,7683.6,7441.4,2429,2924.3,4901.1,1744.3,0,648.9,2084.5,3239.6,3023.8,2904.9,2845.9,4796.3,2312.1,4620.9,5828.6,6087.5,1068.9,2124.5,6775.3,5159.2,7702.8,5707.7,1997.6,3787.3,3789.2,7294.8,3843.3,6859.4,3251,5092.7,6237.4,7971.9,8380.6,8067.1,5561.3,8130,6064.2,2724.8,1928.6,5815.5,4887.2,6840.1,2203.6,8062.4,3539,1402.9,4244.1,3099.9,6624.1,2712.2,3828,3605.3,6630.6,4641.6,6249.5,2799.3,9508.6,8778.5,7100.9,4498.9,9148,1973.3,1698.3,4911.1,1004.2,8138.2,1477,7845.8,2366.1,1582.8,1704.6
Greater Grand Crossing,3151,7640.5,802.2,1907,7398,4150.5,9070.1,1276.9,7601.2,7349,2323.6,2825.8,4808.7,2376.5,657.1,0,2020.5,3606.8,2951.3,2864,3465.6,4723.6,2229.7,4538.5,5736.2,6005.1,1389.1,1597.3,6682.9,5076.8,7620.4,5625.3,1971.2,3715.6,3749.4,7212.4,3750.9,6777,3168.6,5000.3,6155,7889.5,8288.2,7984.7,5478.9,8047.6,5981.8,3357,2557.9,5723.1,4777.6,6747.7,2798.3,7980,3429.4,857.5,4171.4,3729.2,6541.7,2640.5,3745.6,3532.6,6538.2,4532,6167.1,2726.6,9426.2,8696.1,7018.5,4416.5,9065.6,1933.5,1615.9,4828.7,616.8,8055.8,2106.3,7763.4,2283.7,2101.9,1664.8
Sherman Park,3350,6191.8,2811.1,1958.1,5949.3,2683.1,7621.4,805,6115.1,5584.8,982.2,1370.8,3347.6,3555.1,2115.2,2068.6,0,4927.7,1896.1,975.8,2818.8,3539.7,1926.3,3835.4,4275.1,4622.6,1180.6,1761.2,4935.3,3628.1,6171.7,4137.2,871.7,1994.5,5777.2,5763.7,2289.8,5328.3,2106,3203,4706.3,6403.4,6524,6536,4030.2,6598.9,4477,3542.3,2583.1,3947.3,2920,4983.5,2662.8,6531.3,1569.7,2791.3,3202.6,3865.2,5036.9,1429.1,2886.7,1675.1,4774,2765.2,4627.8,1285.9,7977.5,7247.4,5532.4,2967.8,7616.9,3961.3,1120.1,3750.3,1506.6,6607.1,2547.3,6314.7,1700.9,3393.4,3692.6
Altgeld,2621.2,10766.8,3297.4,3159.6,10524.3,7258.1,12196.4,4410.4,10690.1,10096.4,5473.7,5945.8,7922.6,1620.9,3279,3577.6,4932.4,0,5594.7,5580.2,5019.9,7367.2,5575.2,7884,8850.1,9197.6,3847.7,5003.6,9464.7,8203.1,10746.7,8712.2,4717.9,6358.2,1340.1,10338.7,6864.8,9903.3,6514.1,7739.7,9281.3,10978.4,11035.6,11111,8605.2,11173.9,9052,1548.9,3018.1,8473.4,7444.6,9495.1,4175.5,11106.3,6193.7,4135.6,6815,3116.5,9611.9,5283.1,7091.1,6176.2,9285.6,7232.4,9202.8,5370.2,12552.5,11822.4,10107.4,7542.8,12191.9,2319.7,4961.4,8174.2,4015.2,11182.1,2741.2,10889.7,5629.2,1741.1,3512.4
West Lawn,3511.1,6300.9,3735.9,2663.2,5514,3844.8,7426.5,2137.1,7288.5,4971.4,2723.7,3113.9,3945.3,4489,3040,2993.4,1905.8,5517.3,0,1817,1147.2,2058.7,3669.4,5414.5,3855.5,4330.3,2067,3605,4300.9,4474,6756.8,5503.7,1517.2,797.8,6702,5713.3,3434.6,6195.2,3614.3,2890.2,4789.3,7542.9,5496,5688.2,4767.4,7465.8,6149.6,4131.9,2889.5,3348.4,2132.8,4370.1,1728.4,6356.5,2473,3716.1,1432.5,3027.6,6603.5,572.1,4395,1546.6,4160.6,2553.5,5701.2,1019.5,7327.9,6383.2,6738.1,4256.3,7506.8,4886.1,2973.9,5329.4,2829.2,6279.7,3481.2,6119.8,3444,4327.3,4617.4
Back of the Yards,3664.9,5588.1,3603,2504.2,5249.8,2272.3,7040.8,1594.2,5947.6,4707.2,1232,1442.6,2604.4,4347.7,2907.1,2860.5,950.5,5434.4,1812.4,0,2848.6,2831.7,2077.9,3907.2,3163.1,3641.1,1931.3,2167.7,4075.5,3133.1,5697.7,4162.8,1178.6,1399.8,6569.1,5160,1879,4854.3,2177.8,2375.3,4102.6,6202,5646.4,5691.7,3426.5,6124.9,4548.8,4049,2806.6,3084.2,2055.4,4105.9,2738.6,5950.7,1178.5,3583.2,3118.9,3941,5108.7,1345.4,2958.5,828.9,3896.4,1843.2,4360.3,819.8,7396.9,6454.1,5397.2,2729.3,7036.3,4753.2,1540.6,3822.1,2302,6015.5,3339.9,5734.1,1852.5,4186,4484.5
Scottsdale,2811,7340.2,3499,2033.3,6553.3,4936.6,8465.8,2754.7,8380.3,6010.7,3589.8,3975.7,5037.1,3823.1,2822.4,3226.5,2776.5,4964.3,1057.6,2829.5,0,2841.6,4521.6,6440.3,4894.8,5369.6,2220.4,4369.3,5340.2,5565.8,7796.1,6595.5,2195.6,1837.1,6502.5,6752.6,4526.4,7287,4710.9,3929.5,5828.6,8634.7,6529.5,6721.7,5859.2,8557.6,7241.4,3578.9,2073.4,4387.7,3172.1,5409.4,907.6,7395.8,3564.8,3954.3,2289.4,2251.7,7695.3,1560.9,5491.6,2522.9,5199.9,3577.3,6793,2006,8361.4,7416.7,7829.9,5348.1,8546.1,4686.6,3738.2,6355.2,3326.6,7319,2833.1,7159.1,4305.8,3717,4417.9
Garfield Ridge,5222.4,6849.8,5427.8,4355.1,5252.6,4328.7,6972.5,3790,7669.6,4201.4,3812.9,3934.4,4361.9,6180.9,4731.9,4685.3,3379.9,7209.2,2076.2,2799,2803.7,0,4671.9,5727.9,4404.4,4879.2,3758.9,4692,4849.8,4852,7305.7,5881.7,3369.6,1506,8393.9,6262.2,4271.4,6576.3,4450.5,3439.1,5338.2,7924,4751,4943.2,5195.1,7846.9,6527.6,5823.8,4484.8,3897.3,2681.7,3690.5,3439.7,6095.1,3309.2,5408,608.4,4684.1,6981.5,2422.7,5231.2,2388.1,4255.2,3037.1,6082.3,2424.2,6582.9,5638.2,7119.2,4634.3,6664.3,6578,4064.9,5642.8,4521.1,5564.4,5173.1,6482.7,4528.9,6019.2,6309.3
King,4757.3,5517.2,2957,3607.7,5274.7,2027.2,6946.8,1852.3,5494,5220.8,1027.7,792.4,2680.5,3984.9,2314.5,2214.5,1922.4,5480.2,3663.7,2066.9,4581.1,4696.4,0,2431.3,3608,3881.8,2892.1,1293.6,4554.7,2953.5,5497.1,3518.1,2638.7,3264.5,5923.1,5089.1,1622.7,4653.7,1061.4,2872.1,4031.7,5782.3,6160,5861.4,3355.6,5924.3,3874.6,4965.4,4164.2,3594.9,2870.2,4619.5,4386.6,5856.7,1522,2709.5,4970.2,5335.5,4434.5,3196.7,1638.4,2321.2,4410,2472.6,4059.9,2684.5,7302.9,6572.8,4911.3,2293.2,6942.3,4107.2,823.1,2721.5,1651.7,5932.5,3712.6,5640.1,352.8,3823.4,3906.5
Water Works,6913.3,3394.7,5560,5565.2,3659.3,1813.9,5031.9,4066.2,3454.1,3707.7,3062,2533.6,1796.8,6587.9,4917.5,4817.5,3860.1,8083.2,5331.9,3824.4,6524.1,5898.4,2651,0,2242.5,2204.3,4847.6,3849.2,2780.4,1226.4,3366.9,1492.1,4576.4,4504.5,8573.4,3121.7,2007.5,2523.5,1879,2631.4,2308.2,3605.2,4227.9,4246,1762.9,3794.1,1693.7,7105.6,6234.2,2829.1,3297.2,3570.9,6344.1,4152,3005.4,5112.9,6339.5,7491.5,2219.3,4864.9,852.3,3872.5,2964.2,2812.4,1882.8,4317.4,5555.4,4803.7,2682.3,1242.4,5282.7,6661.4,3278,586.6,4254.7,4163.4,6032,3680.6,2716.7,6426.4,6309.9
"Daley, Richard M.",6723,2479.2,6517.5,5523.4,2190.9,1739,3880.8,4532.3,3604.4,1826.1,3528.1,2961.5,994.4,7368.4,5845.2,5775,4006.7,8492.5,3798.7,3119.7,4870.8,4476.7,3606,2177,0,517.1,5034,4800.2,1067.7,926.6,2930.6,1900.5,4190.8,3082.8,9656.4,2051.1,2040.9,2405.7,2746.8,990,976.1,3865.7,2763.2,2723.1,1077.4,3544.5,2517.5,7107.1,5864.7,887.9,1875.5,1597.1,5135.9,2790.7,2542.2,6195.9,4917.8,6638.1,2925.9,3751.7,2216.3,2563.6,1092.1,1409.2,2060.9,3204.2,4236.9,3485.5,3095.8,1397.4,3876.3,7667.7,4157.9,1893.1,5212.2,2866.5,6433.7,2574.1,3557.7,7206.9,7392.9
Humboldt Park,7188.2,2107.7,6736.9,6311.5,1812.5,2082.6,3499.6,4798.4,3185.7,1760.8,3794.2,3305.1,1345.4,7634.5,6094.4,5994.4,4606.4,9129.8,4258,3584.9,5330.1,4936,3827.9,2168.7,512.5,0,5593.9,5026.1,731.3,1279.4,2514.7,1500.5,4656,3542.1,9791.1,1679.6,2384.5,1987,2892.7,1439.7,639.7,3447,2281,2344.7,649.9,3128.6,2098.8,7837.8,6329.9,1360.6,2334.8,1933.4,5601.1,2409.5,3007.4,6330.6,5377.1,7103.3,2507.2,4216.9,2353.5,3028.8,1392.4,1874.4,1642.2,3669.4,3855.7,3107.1,2677.1,1794.5,3495.1,7879.1,4424,1858.6,5431.6,2485.3,6764.2,2192.9,3829.8,7473,7527.6
Thurgood Marshall,2243.8,7166.8,1840.9,851.9,6924.3,3658.1,8596.4,1105.9,7090.1,6567,1955.6,2345.8,4322.6,2527.2,1067.2,1476.8,1234.6,3821.5,2081.1,1957.8,2252.4,3853.6,2882.5,4810.4,5250.1,5597.6,0,2730.2,5917.5,4603.1,7146.7,5112.2,1054.5,2844.6,4844.4,6738.7,3264.8,6303.3,3081,4185.2,5681.3,7378.4,7506.2,7511,5005.2,7573.9,5452,2436.1,1528.8,4929.5,3931,5965.7,1585.1,7506.3,2542.9,2204.6,3301.4,2822,6011.9,1769.5,3861.7,2662.6,5756.2,3747.4,5602.8,1856.6,8952.5,8222.4,6507.4,3942.8,8591.9,3028.5,2099.1,4725.3,1667.7,7582.1,1501.1,7289.7,2675.9,2365.5,2759.8
Blackstone,4585.1,6559.9,2110.2,3341.1,6317.4,3069.9,7989.5,1713.8,6481.7,6263.5,1472.1,1857.3,3723.2,3809.3,2078.8,1644.1,1769.9,5135,3637,2107.9,4442.6,4640.9,1156.5,3419,4650.7,4924.5,2753.6,0,5597.4,3996.2,6531.7,4505.8,2504.5,3209,5096.6,6131.8,2665.4,5688.3,2049.1,3914.8,5074.4,6770,7202.7,6904.1,4398.3,6958.9,4862.3,4789.8,3992,4637.6,3809.1,5662.2,4248.1,6899.4,2460.9,1636.1,4918.4,5163.3,5422.2,3144.9,2626.1,2864.6,5452.7,3515.3,5047.6,2629,8345.6,7615.5,5899,3335.9,7985,3200.6,774.9,3709.2,1125.3,6975.2,3540.4,6682.8,1252.9,3647.8,2833.1
North Pulaski,7584.6,2379.9,7364.3,6500,1247.5,2595.8,3245.6,5389.1,3713.6,934.3,4384.9,3818.3,1858.6,8225.2,6721.8,6621.8,4978.1,9354.1,4220,4091.1,5292.1,4898,4455.3,2796.1,1039.1,927.9,5903.8,5653.5,0,1830.8,2935.8,2029.7,5162.2,3504.1,10418.5,1790.6,2897.7,2515.5,3520.1,1753.8,1105.6,3975,1728.2,1779.7,1308.5,3551.4,2617.2,7968.7,6726.3,1112.8,2296.8,1409,5997.5,2180.3,3513.6,6958,5339.1,7499.7,3025.6,4437.1,2980.9,3425.2,868,2290.9,2160.6,4065.8,3494,2542.1,3205.6,2307.7,3335,8506.5,5014.7,2493.2,6059,2103.5,7290.5,2008.1,4414.5,8063.7,8155
West Town,6697.1,2936.7,5835.2,5349,2694.2,1116.4,4366.3,3850,3254.7,2599.5,2845.8,2317.4,764,6686.1,5162.9,5092.7,3643.9,8181.4,4434.7,3049.8,5537.4,4924.5,2929.7,1190,939.3,1298.1,4631.4,4123.9,1849.5,0,3050.1,1332.3,4069.9,3530.6,8814.9,2508.6,1392,2206.7,1916.5,1657.5,1451.2,3554.4,3373.3,3280.9,775.1,3477.3,1978.2,6889.4,6018,1747.3,2323.3,2489.1,5351.9,3276.2,2209.6,5354.4,5365.6,6878.5,2432.1,3967.7,1377.3,2975.3,1978.1,1838.5,1712.7,3420.2,4722.4,3992.3,2672,724.1,4361.8,6902.9,3475.6,1005.3,4529.9,3352,5815.8,3059.6,2881.4,6524.6,6551.4
Budlong Woods,9252.3,664.2,8263.8,7904.2,2552.7,3921,2001,6405.2,997.3,3626.3,5401,4872.6,3273.4,9241.3,7621.3,7521.3,6199.1,10736.6,6582.7,5656,7654.8,7260.7,5354.8,3368.1,2837.2,2451.6,7186.6,6553,2908.8,3040.8,0,2114.9,6915.4,5866.8,11277.2,1466.6,4211.8,824.3,4499.5,3764.4,2121.5,1185.9,3929.1,3194.7,2399.3,762.3,2077.2,9444.6,8573.2,3685.3,4659.5,4152.5,7958.1,1839.3,4707.6,7816.7,7701.8,9484.7,1625.1,6573.9,3816.8,5353.5,3648.8,4199.1,1625.2,6026.4,3242.7,3605.6,1159,3464.5,2846,9365.2,6030.8,2942.7,6958.5,2635.7,8371,1367.9,5436.6,9079.8,9013.7
Lincoln Park,7338,2144.7,6361.2,5989.9,2400.3,2145,3781.9,4490.9,2066.9,2756.4,3486.7,2958.3,1719.1,7327,5718.7,5618.7,4284.8,8822.3,5463.3,4078.4,6566,5953.1,3452.2,1465.5,1879.1,1473.6,5272.3,4650.4,2043.2,1260.1,2116.9,0,5001.1,4559.2,9374.6,1898,2420.6,1273.5,2587.5,2765,1272.3,2355.2,3433.7,2987,873.8,2544.1,736.7,7530.3,6658.9,2702.4,3351.9,3282.6,6380.5,2863.9,3238.2,5914.1,6394.2,7916.2,1186.2,4996.3,1914.2,4003.9,2783.9,2867.1,632.8,4448.8,4310.1,3580,1484.2,1591.5,4032.7,7462.6,4116.5,939.7,5055.9,2939.7,6456.7,2430.6,3522.3,7165.5,7111.1
West Englewood,3040.3,6655.3,2714.5,1611.4,6366.9,3064.2,8062,910.5,6829.8,5824.3,1699.6,2085.5,3671.6,3447.9,2018.6,1972,886.3,4701.1,1415.4,1215.1,2229.6,3374.9,2623,4550.1,4230.3,4708.3,1051,2470.7,5174.8,4342.8,6886.4,4851.9,0,2111.3,5680.6,6227.2,2670.9,6043,2820.7,3442.5,5169.8,7118.1,6763.5,6808.8,4493.7,7313.6,5191.7,3315.7,2147.8,4186.8,3159.5,5223,2073.6,6971.9,1941.1,2694.7,2793.9,3276,5751.6,1010.5,3601.4,1952.3,5013.5,3004.7,5342.5,1121.1,8418.1,7571.2,6247.1,3682.5,8057.5,3864.7,1839.6,4465,1807.8,7132.6,2440.1,6755.3,2415.6,3286.2,3596
Archer Heights,4258.7,5519.6,4478.5,3405.8,4732.7,3214.4,6645.2,2486.8,6384.2,4190.1,2347.1,2467.2,3076.5,5231.6,3782.6,3736,1914.1,6259.9,771.8,1331.8,1843.9,1528.1,3204.7,4442.5,3074.2,3549,2809.6,3226.2,3519.6,3566.6,5975.5,4596.3,2066.4,0,7444.6,4932,2804.2,5290.9,2983.3,2108.9,4008,6638.6,4956.7,5148.9,3909.7,6591.1,5242.2,4874.5,3632.1,2567.1,1351.5,3588.8,2476,5575.2,1842,4458.7,1923.9,3724.3,5696.1,1120.1,3764,920.9,3379.3,1772.2,4796.9,1055.2,6788.6,5843.9,5833.8,3348.9,6725.5,5628.7,2599.1,4357.4,3291.3,5498.4,4223.8,5338.5,3063.1,5069.9,5360
Hegewisch,3603.8,11451.4,3095.6,4367.6,11250.6,8027.2,12922.7,5040.1,11373.6,11257.2,6086.8,6589,8719.2,2437.4,3815.1,3718.5,5783.7,1294.3,6742,6606.5,6501.1,8514.3,6183.7,8310.9,9644.4,9857.7,4854.3,5085,10433.8,8962.7,11423.6,9397.7,5713.7,7506.3,0,11065,7692.6,10580.2,7076.3,8942,10007.6,11661.9,12196.4,11837.3,9331.5,11850.8,9754.2,2941.1,4397.6,9637,8540.8,10655.9,5477.8,11832.6,7192.6,3586.6,7962.1,4099.1,10314.1,6431.2,7518,7323.3,10446.4,8295.2,9939.5,6517.3,13278.8,12548.7,10790.9,8302.4,12918.2,1846.6,5379.1,8601.1,4273.3,11908.4,3746.1,11616,6046.9,2884.2,2512.9
Independence,8807.9,818.1,7899.3,7459.8,1326.1,3330.6,2103.4,5960.8,2265.6,2436.3,4956.6,4428.2,2620.9,8796.9,7256.8,7156.8,5754.7,10292.2,5665,5014.2,6737.1,6343,4990.3,3099.4,1941.8,1556.2,6742.2,6188.5,1805.6,2450.4,1493.2,1882,6085.3,4949.1,10953.5,0,3624.8,1083.5,4055.1,2869,1236.1,2532.4,2754.6,1993,1717,2108.8,1935.4,9000.2,8128.8,2697.6,3741.8,2962.5,7030.4,1253.2,4120.6,7493,6784.1,8532.6,1757.8,5646.2,3515.9,4458.1,2547.4,3303.7,1478.8,5098.7,2656.6,2396.7,1765.1,2987.4,2383.9,9041.5,5586.4,2607.6,6594,1656.6,7926.6,746.4,4992.2,8635.4,8690
Lozano,5385,4085.4,4549.1,3999.5,3842.9,451,5515,2563.9,4244.2,3662.8,1559.7,993.1,1122.5,5400,3876.8,3806.6,2294.4,6895.3,3422,1884.5,4524.7,4180.8,1637.6,2039.6,2050,2397.5,3281.9,2831.8,2996.7,1505.6,4215.8,2321.8,2671.8,2739.2,7708.2,3657.3,0,3372.4,799.3,1388.3,2599.9,4720.1,4602,4429.6,1923.8,4643,2681.2,5577.3,4668.5,2036.9,1704.4,3061.5,4371.7,4424.9,1065.5,4247.7,4566.9,5574.1,3241.1,2955,1270.4,1962.6,2852,1168.5,2878.4,2407.5,5871.1,5141,3661.5,908,5510.5,5699.3,2189.5,1954.5,3243.8,4500.7,4465.3,4208.3,1589.3,5238.5,5444.7
Sulzer Regional Library,8418.6,948.4,7430.1,7070.5,2217.8,3087.3,2622.3,5571.5,1263.3,3244.3,4567.3,4038.9,2439.7,8407.6,6787.6,6687.6,5365.4,9902.9,6207.2,4822.3,7309.9,6700,4521.1,2534.4,2431.2,1996.2,6352.9,5719.3,2526.8,2207.1,933.5,1281.2,6081.7,5306.1,10443.5,1100,3378.1,0,3665.8,3369.8,1565.5,1524.6,3547.1,2884.7,1565.6,1360.7,1243.5,8610.9,7739.5,3290.7,4098.8,3770.5,7124.4,1742.4,3873.9,6983,7141.1,8651,845.8,5740.2,2983.1,4747.8,3266.8,3614,791.5,5192.7,3145.8,3281.1,764.5,2630.8,2873.1,8531.5,5197.1,2109,6124.8,2538.8,7537.3,1271,4602.9,8246.1,8180
Chinatown,5214.1,4638.1,3926.3,3866,4395.6,1144.7,6067.7,2318.7,4676.3,4374.7,1362.8,834.4,1837.5,4954.2,3283.8,3183.8,2160.9,6449.5,3902.2,2235.4,4824.9,4297,1017.3,1613.6,2761.9,3002.7,3148.4,2215.5,3578.8,2074.4,4618,2583.5,2877.2,2855.4,7091.9,4210,812,3774.6,0,2103.3,3152.6,4964.6,5313.9,4982.3,2476.5,5045.2,3056.9,5406.4,4535,2751.9,2438.5,3773.4,4644.9,4977.6,1240.6,3631.4,5208.7,5792.3,3616.8,3435.2,820.7,2078.8,3563.9,1902.6,3242.2,2923,6423.8,5693.7,4093.6,1414.1,6063.2,5076.5,1733.3,1903.8,2621,5053.4,4332.8,4761,1113.4,4792.7,4828.4
Douglass,5907.3,3428.4,5799.5,4761.7,2975.7,1169.1,4658.3,3814.3,4584.8,2433.1,2810.1,2243.5,1192.2,6650.4,5127.2,5057,3245,7676.8,2854.5,2358,3926.6,3532.5,2888,2568.3,1003.8,1466.3,4272.3,4082.2,1747.5,1692.4,3879.8,2722.1,3429.1,2138.6,8958.6,2829.9,1361.6,3358,2072,0,1925.3,4839.2,3372.3,3417.6,1982.8,4493.7,3457.7,6291.4,5049,802.2,931.3,1831.8,4320.2,3568.2,1780.5,5498.1,3973.6,5822.4,3859.3,2936,2148.4,1747.9,1622.3,601.2,2997.5,2388.5,5014.4,4180,4034.4,1474.7,4653.8,6949.7,3439.9,2483.2,4494.2,3644,5639,3351.6,2839.7,6488.9,6695.1
Logan Square,7788.9,1723.8,6880.3,6440.8,1485,2311.6,3157.1,4941.8,2764.4,1829.7,3937.6,3409.2,1601.9,7777.9,6237.8,6137.8,4735.7,9273.2,4743.8,4050,5815.9,5421.8,3971.3,2304.2,998.3,622.3,5723.2,5169.5,1110.8,1431.4,2072.3,1247.6,5121.1,4027.9,9934.5,1295.7,2605.8,1565.7,3036.1,1925.5,0,3109.8,2411,2071.7,698,2686.2,1676.3,7981.2,7109.8,1846.4,2820.6,2355.9,6086.9,2067,3101.6,6474,5862.9,7589.1,2084.7,4702.7,2496.9,3514.6,1852.6,2360.2,1219.7,4155.2,3513.2,2783.1,2255.8,1968.4,3152.6,8022.5,4567.4,1812.4,5575,2142.8,6907.6,1850.4,3973.2,7616.4,7671
Rogers Park,9789.8,1745.2,8736.1,8441.7,3630.9,4577.9,2518.6,6942.7,737.2,4704.5,5938.5,5410.1,3930.3,9764,8093.6,7993.6,6736.6,11259.3,7697.8,6312.9,8800.5,8190.6,5827.1,3840.4,3915.4,3496.5,7724.1,7025.3,3987,3697.7,1193.8,2587.2,7452.9,6796.7,11749.5,2544.8,4868.7,1676,5055.1,4842.6,3065.8,0,5007.3,4272.9,3056.2,442.1,2359.4,9982.1,9110.7,4763.5,5589.4,5230.7,8615,2917.5,5364.5,8289,8631.7,10141.6,1718.9,7230.8,4289.1,6238.4,4727,5104.6,2275.7,6683.3,3941.2,4683.8,1251.6,4086.5,3523.4,9837.5,6454.1,3415,7430.8,3713.9,8908.5,2446.1,5892.8,9602.5,9486
Galewood-Mont Clare,8925.1,3283.1,8803.6,8102.6,1426.9,4295.1,2946.9,6865.1,4772.7,988,5860.9,5517.6,3550.5,9701.2,8161.1,8061.1,6580.7,10956.7,5443.9,5693.7,6516,4728.9,5894.6,4225.1,2649.2,2263.6,7506.4,7092.8,1702.2,3354.7,3956.5,3291.7,6764.8,4873.7,11857.8,2719.1,4597,3535.7,4959.4,3356.4,2334.3,4995.7,0,744.6,2621.3,4572.1,3634.5,9571.3,8328.9,2721.9,3711.5,1634,7142.4,2079.3,5116.2,8397.3,5170,8396.4,4042.9,5790.4,4420.2,5027.8,1846.3,3893.5,3177.9,5668.4,1947.1,992.2,4223.8,4059.2,2334.8,9945.8,6490.7,3733.3,7498.3,1355.4,8989.8,2590.2,5896.5,9539.7,9594.3
West Belmont,9232.8,2554.2,8717.8,8278.3,708.1,4149.1,2220.6,6779.3,4025.6,1092.1,5775.1,5246.7,3439.4,9615.4,8075.3,7975.3,6573.2,11110.7,5627.3,5739.3,6699.4,4912.3,5808.8,4257.4,2729.7,2344.1,7560.7,7007,1782.7,3268.9,3229.3,3010.9,6810.4,5057.1,11772,1993.4,4443.3,2835.4,4873.6,3402,2052.3,4268.5,758.9,0,2535.5,3844.9,3047.2,9616.9,8374.5,2767.5,3757.1,1738.1,7325.8,1350.4,5161.8,8311.5,5353.4,8579.8,3455.6,5973.8,4334.4,5073.4,1904.3,3939.1,2590.6,5714,1730.9,780.1,3494.4,3805.9,1721.1,9860,6404.9,3765.6,7412.5,627.7,8745.1,1861.3,5810.7,9453.9,9508.5
Bucktown-Wicker Park,7132.8,2195.2,6224.2,5784.7,1952.7,1655.5,3624.8,4285.7,2657.8,2111.6,3281.5,2753.1,1021.4,7121.8,5581.7,5481.7,4079.6,8617.1,4643,3393.9,5881.5,5321,3315.2,1764.5,1082.4,653.3,5067.1,4513.4,1398.4,775.3,2407.9,914.6,4465,3927.1,9278.4,1767.1,1949.7,1564.5,2380,1972.2,709.7,2912.2,2631.8,2539.4,0,2835.1,1530.7,7325.1,6453.7,1909.6,2719.8,2504.6,5696,2534.7,2445.5,5817.9,5762.1,7222.6,1932.3,4311.8,1840.8,3319.4,1963.6,2235,1070.5,3764.3,3980.9,3250.8,2107.4,1312.3,3620.3,7366.4,3911.3,1272.7,4918.9,2610.5,6251.5,2318.1,3317.1,6960.3,7014.9
Northtown,9732.2,1322.7,8743.7,8384.1,3208.4,4400.9,2157.1,6885.1,1028.7,4282,5880.9,5352.5,3753.3,9721.2,8101.2,8001.2,6679,11216.5,7238.4,6135.9,8623.5,7916.4,5834.7,3848,3492.9,3074,7666.5,7032.9,3564.5,3520.7,771.3,2594.8,7395.3,6522.5,11757.1,2122.3,4691.7,1410.1,4979.4,4420.1,2643.3,451.5,4584.8,3850.4,2879.2,0,2557.1,9924.5,9053.1,4341,5315.2,4808.2,8438,2495,5187.5,8296.6,8357.5,9964.6,2010.4,7053.8,4296.7,6061.4,4304.5,4927.6,2105.1,6506.3,3518.7,4261.3,1543.1,3944.4,3100.9,9845.1,6510.7,3422.6,7438.4,3291.4,8850.9,2023.6,5916.5,9559.7,9493.6
Merlo,7654.8,2113.3,6554.2,6306.7,2434.6,2542.8,3750.5,4807.7,1720.8,3354.7,3803.5,3275.1,2413.1,7582.1,5911.7,5811.7,4601.6,9077.4,6157.3,4676.1,7265.6,6647.1,3645.2,1596.3,2554.3,2106.7,5589.1,4843.4,2637.2,1954.1,2085.5,735.1,5317.9,5253.2,9567.6,1958.2,2761.6,1242.1,2873.2,3459.6,1681.2,2126.4,3657.5,3101.5,1546,2512.7,0,7847.1,6975.7,3397,4045.9,3880.9,7085.6,2870.6,3759.5,6107.1,7088.2,8233,727.7,5690.3,2107.2,4697.9,3377.2,3561.1,597,5142.8,4274,3640.2,1190.7,1908.3,4001.3,7655.6,4272.2,1280,5248.9,2999.9,6773.5,2399.2,3710.9,7420.6,7304.1
West Pullman,1182.5,9380.8,3188.7,1773.6,9138.3,5872.1,10810.4,3268.7,9304.1,8710.4,4162,4559.8,6536.6,1087.7,2752.3,3382.1,3546.4,1543.8,4208.7,4194.2,3633.9,5981.2,5048.5,7024.4,7464.1,7811.6,2461.7,4810,8078.7,6817.1,9360.7,7326.2,3331.9,4972.2,3154.3,8952.7,5478.8,8517.3,5295,6353.7,7895.3,9592.4,9649.6,9725,7219.2,9787.9,7666,0,1632.1,7087.4,6058.6,8109.1,2789.5,9720.3,4807.7,4027.2,5429,1677.8,8225.9,3897.1,6075.7,4790.2,7899.6,5846.4,7816.8,3984.2,11166.5,10436.4,8721.4,6156.8,10805.9,2427.1,4279.3,6939.3,3730.1,9796.1,1574.8,9503.7,4889.9,1382.5,3404
Beverly,1052.1,8541.6,2406.2,691.5,7993.5,5032.9,9784.5,2480.7,8464.9,7450.9,3330.4,3720.6,5697.4,1862.4,1947.7,2565.3,2609.4,3003.6,2949.2,2934.7,2106.1,4546.9,4257.3,6185.2,6059.2,6521.7,1481.7,3924.8,6819.2,5977.9,8521.5,6487,2071.5,3712.7,4627.6,8113.5,4639.6,7678.1,4455.8,5094.2,7056.1,8753.2,8390.1,8435.4,6380,8948.7,6826.8,1618.2,0,5827.9,4799.1,6849.6,1200.5,8694.4,3648.9,3319.3,3994.7,1475.4,7386.7,2637.6,5236.5,3530.7,6640.1,4586.9,6977.6,2724.7,10140.6,9197.8,7882.2,5317.6,9780,3286.4,3473.9,6100.1,2844.9,8759.2,1072.5,8477.8,4050.7,1843.5,3373.2
Legler Regional,6587,3263.5,6493.3,5502.4,2292.8,1744.9,4194.1,4508.1,4482.1,1750.2,3503.9,2937.3,1124.9,7344.2,5821,5750.8,3975.9,8356.5,3247.4,3088.9,4319.5,3925.4,3581.8,2728.3,896.8,1394.8,4906.2,4776,1181.8,1766.7,3719.4,2747.2,4160,2531.5,9635.2,2675.9,2016.7,3283.4,2727.1,776.9,1853.8,4758.6,2689.4,2734.7,1916.7,4335,3395.2,6971.1,5728.7,0,1324.2,1148.9,4999.9,3135.3,2511.4,6174.7,4366.5,6502.1,3803.6,3464.5,2346.8,2427.6,939.4,1292.5,2938.6,3068.2,4449,3497.1,3973.5,1633.6,4285.6,7643.5,4133.7,2643.2,5188,3058.5,6409.5,3049.2,3533.5,7182.7,7371.7
Toman,5588.1,4306.2,5677.9,4503.5,3517,1829.9,5431.8,3680.6,5170.8,2974.4,2677.7,2239.4,1863.1,6329.3,4993.5,4935.4,2928.1,7357.6,2075.3,2044.5,3147.4,2753.3,2976.9,3229.1,1860.8,2335.6,3907.3,4041.2,2303.9,2353.2,4762.1,3382.9,3165.9,1359.4,8644,3718.6,1685.2,4077.5,2419.2,895.5,2794.6,5425.2,3913.6,3958.9,2696.3,5377.7,4028.8,5972.2,4729.8,1351.4,0,2373.1,3779.5,4359.5,1646,5474.3,3194.4,5027.8,4482.7,2292.4,2813.5,1428.7,2163.6,665.6,3583.5,2069.3,5673.2,4721.3,4620.4,2135.5,5509.8,6828.1,3318.3,3144,4372.6,4282.7,5321.5,4125.1,2673.9,6167.6,6671.3
Austin,7664,3549.3,7550.4,6579.4,1664.6,2771.9,3303.1,5565.2,4995.2,679,4561,3994.4,2027.3,8401.3,6878.1,6807.9,5057.5,9433.5,4132.4,4170.5,5204.5,3793.4,4638.9,3557.4,1631.6,1944,5983.2,5833.1,1326.8,2526.5,4184,3273.2,5241.6,3416.5,10689.3,2968.3,3073.8,3763.7,3779.7,1833.2,2349.2,5223.2,1633.3,1732,2503.6,4799.6,3857,8048.1,6805.7,1198.7,2188.3,0,6076.9,2507.1,3593,7228.8,4234.5,7579.1,4265.4,4349.5,3249.2,3504.6,664.7,2370.3,3400.4,4145.2,3459.2,2493.9,4446.3,2536,3374,8700.6,5190.8,3472.3,6245.1,2175.5,7466.6,2894.7,4590.6,8239.8,8425.8
Wrightwood-Ashburn,1942.5,7831.9,2858.6,1392.9,6897.9,4747.7,8688.9,2596.3,8191.4,6355.3,3446,3836.2,4848.2,2944.1,2182,2799.1,2647.9,4085.3,1696.5,2693.3,949.2,3470.1,4372.9,6300.8,4963.6,5426.1,1588.4,4220.6,5723.6,5376.9,7941.5,6406.6,2065.3,2450.5,5709.3,6975.7,4337.5,7098.1,4571.4,3998.6,6346.4,8445.8,7155.9,7348.1,5670.3,8368.7,6942.4,2699.9,1194.4,4732.3,3785.5,5754,0,7598.8,3375.9,3554.9,2917.9,1586.4,7506.4,1465.2,5352.1,2438.9,5544.5,3491.3,6604.1,1943.9,8987.8,8043.1,7641,5159.2,8684.4,4046.2,3589.5,6215.7,3151.9,7663.6,2192.7,7382.2,4166.3,2925.2,3777.5
Jefferson Park,9654.9,1203.8,8746.3,8306.8,980.2,4177.6,1038.7,6807.8,2675.2,1848.6,5803.6,5275.2,3467.9,9643.9,8103.8,8003.8,6601.7,11139.2,6091.3,5886.2,7163.4,5982.7,5837.3,4151.7,2813.8,2427.4,7589.2,7035.5,2119,3297.4,1878.9,2898.5,6957.3,5375.4,11800.5,1232.3,4471.8,1694.6,4902.1,3539.3,2073.6,2918.1,2096.5,1355.4,2564,2494.5,2860.8,9847.2,8541.3,3157.6,4147.2,2502.8,7812.5,0,5308.7,8340,6423.8,9314.7,2461.3,6308.4,4362.9,5240.2,2294.4,4093.5,2408.8,5880.8,1403.4,1766.3,2144,3834.4,1167.1,9888.5,6433.4,3726.3,7441,787.9,8773.6,510.9,5839.2,9482.4,9537
McKinley Park,4558.9,4599.4,4167.1,3181.1,4662,1471.6,6357.1,2169.8,4958.9,4119.4,1166.9,807.9,1615.7,4976.7,3482.7,3424.6,1574.9,6349.3,2551.5,1144.6,3621.5,3183.7,1545.4,3060.2,2525.4,3003.4,2602.2,2530.4,3469.9,2144.4,4709,3174.1,1931.9,1742.1,7133.2,4171.3,1078.3,3865.6,1246.5,1737.6,3113.9,5213.3,5058.6,5103.9,2437.8,5136.2,3701.8,4963.9,3700.6,2481.9,1545.4,3518.1,3436,5267,0,3963.5,3858,4834.2,4273.9,2084.5,2027.2,965.5,3308.6,1299.8,3371.6,1537,6713.2,5866.3,4408.5,1928.6,6352.6,5317.3,1807.5,2975.1,2861.8,5427.7,3968.9,5050.4,1242.4,4815,5160.5
South Shore,3877,8000.5,961.7,2633,7799.7,4576.3,9471.8,2076.2,7922.7,7806.3,3028.2,3411.4,5268.3,3103.7,1472,845.2,2819.8,4197.1,3750.6,3663.3,4003.4,5522.9,2732.8,4860,6193.5,6406.8,2219.1,1634.1,6982.9,5511.8,7972.7,5946.8,2770.5,4514.9,3656.2,7614.1,4241.7,7129.3,3625.4,5491.1,6556.7,8211,8745.5,8386.4,5880.6,8399.9,6303.3,4084.2,3283.9,6186.1,5370.3,7205,3602.8,8381.7,4022.1,0,4970.7,4455.2,6863.2,3439.8,4067.1,4331.9,6995.5,5091.6,6488.6,3525.9,9827.9,9097.8,7340,4851.5,9467.3,1685.6,2396.3,5150.2,1428.1,8457.5,2832.3,8165.1,2829.2,2804.4,1298.4
Clearing,4766.9,7356.8,4972.3,3899.6,5759.8,4835.7,7479.7,3542.4,8176.6,4708.6,4179.4,4441.4,4868.9,5725.4,4276.4,4229.8,3361.5,6753.7,1465.3,3272.7,2348.2,700.5,5125.1,6234.9,4911.4,5386.2,3303.4,5142.3,5356.8,5359,7812.7,6388.7,2967.8,2013,7938.4,6769.2,4778.4,7083.3,4957.5,3946.1,5845.2,8431,5258.2,5450.4,5702.1,8353.9,7034.6,5368.3,4029.3,4404.3,3188.7,4197.7,2984.2,6602.3,3816.2,4952.5,0,4228.6,7488.5,2027.8,5738.2,2895.1,4762.4,3544.1,6589.3,2475.2,7090.1,6145.4,7626.2,5141.3,7171.5,6122.5,4511.2,6149.8,4065.6,6071.6,4717.6,6989.9,4899.7,5563.7,5853.8
Mount Greenwood,821.8,9254.2,3605,2042.6,8635,6170,10426,3669.5,9613.7,8092.4,4562.8,4960.6,6270.5,2175.7,3146.5,3764.1,3848.8,3120.4,2959.9,3894.2,2308.5,4743.9,5463.5,7425.2,6700.7,7163.2,2787.5,5123.6,7460.7,6799.2,9363.8,7727,3266.2,3739.4,4281.8,8826.1,5879.6,8520.4,5695.8,5735.7,7768.7,9868.1,8431.8,8624,7092.6,9791,8066.8,1685.3,1442.8,6469.4,5074.4,7491.1,1624.3,9335.9,4798.2,4518.1,4191.7,0,8626.7,3015.4,6476.5,4172.2,7281.6,5228.4,8026.4,3366.2,10263.7,9319,9063.3,6557.6,10421.5,4113.3,4680.1,7340.1,4043.7,9400.7,1988.3,9119.3,5290.7,2110.6,4200.1
Uptown,8202.9,1707.7,7165.7,6854.8,2843.4,3090.9,3381.6,5355.8,1112.8,3763.5,4351.6,3823.2,2814,8193.6,6523.2,6423.2,5149.7,9688.9,6602.9,5224.2,7705.6,7092.7,4256.7,2171.1,2963.1,2515.5,6137.2,5454.9,3046,2399.7,1641.1,1118.6,5866,5698.8,10179.1,1780.4,3309.7,930,3484.7,3853.5,2090,1749.2,4066.3,3510.3,1939.9,2024.4,734.6,8395.2,7523.8,3790.9,4491.5,4289.7,7633.7,2501.7,4307.6,6718.6,7533.8,8781.1,0,6135.9,2718.7,5143.5,3786,4006.7,975.3,5588.4,3905.1,4049,538.3,2456.4,3632.4,8267.1,4883.7,1828.1,5860.4,3298.1,7321.6,2030.3,4322.4,8032.1,7915.6
Chicago Lawn,3263.2,6062.5,3458.1,2385.4,5572.2,3370.3,7363.2,1662.6,6814,5029.6,2249.2,2639.4,3470.8,4211.2,2762.2,2715.6,1431.3,5239.5,541.8,1342.5,1578.9,2425.5,3194.9,4940,3637.9,4100.4,1789.2,3130.5,4397.9,3999.5,6564.1,5029.2,1042.7,1163.7,6424.2,5650,2960.1,5720.7,3139.8,2672.9,4559.4,7068.4,5862.8,6014.1,4292.9,6991.3,5675.1,3854.1,2611.7,3406.6,2333.4,4428.3,1480.5,6273.1,1998.5,3438.3,1920.3,2997.3,6129,0,3920.5,1113.2,4218.8,2165.6,5226.7,545,7694.7,6750,6263.6,3781.8,7358.7,4608.3,2499.4,4854.9,2551.4,6337.9,3203.4,6056.5,2969.5,4049.5,4339.6
Harold Washtington Library Center,5989,3971.9,4505.4,4640.9,3758.6,1194.1,5430.7,3093.6,3894.1,3917.5,2137.7,1609.3,1574.9,5533.3,3862.9,3762.9,2935.8,7028.6,4677.1,3010.3,5599.8,5071.9,1596.4,850.9,2198.4,2365.7,3923.3,2794.6,2941.8,1387.8,3944.1,1918.2,3652.1,3630.3,7518.8,3573,1266.6,3100.7,824.4,2155.3,2515.6,4182.4,4437.7,4345.3,1839.5,4371.3,2274.7,6181.3,5309.9,2607.2,2822.4,3349,5419.8,4340.6,2015.5,4058.3,5983.6,6567.2,2834.6,4210.1,0,2853.7,3139.5,2337.6,2460,3697.9,5786.8,5056.7,3311.4,1020.5,5426.2,5606.8,2223.4,1121.6,3200.1,4416.4,5107.7,4124,1662.1,5371.8,5255.3
Brighton Park,4374,5056.8,4362.1,3289.4,4566.5,2393.4,6357.5,2381.6,5837.1,4023.9,1643.5,1646.2,2484.7,5115.2,3666.2,3619.6,1731.5,6143.5,1480.7,830.4,2519.5,2329.2,2383.7,3963.1,2632.2,3094.7,2693.2,2989.6,3392.2,3022.6,5587.2,4052.3,1951.9,887.6,7328.2,4644.3,1983.2,4743.8,2162.3,1667.2,3553.7,6091.5,4963.1,5008.4,3316,6014.4,4698.2,4758.1,3515.7,2400.9,1372.1,3422.6,2522.2,5267.4,1021,4342.3,2715.3,4289.1,5152.1,1206.4,2943,0,3213.1,1159.9,4249.8,855.2,6713.6,5770.8,5286.7,2804.9,6353,5512.3,2263.4,3878,3091.2,5332.2,4107.4,5050.8,2080.7,4953.5,5243.6
West Chicago Avenue,7489.3,3139.8,7375.7,6404.7,1367.7,2597.2,3355.3,5390.5,4522.2,913.5,4386.3,3819.7,1852.6,8226.6,6703.4,6633.2,4882.8,9258.8,3946.7,3995.8,5018.8,4107.3,4464.2,2940.9,1183.9,1415.3,5808.5,5658.4,798.1,1975.6,3706.3,2786.3,5066.9,3230.8,10514.6,2550.5,2899.1,3286,3605,1658.5,1877.2,4745.5,1850.6,1895.9,1974.9,4321.9,3384,7873.4,6631,1017.7,2002.6,637.2,5902.2,2296.5,3418.3,7054.1,4548.4,7404.4,3792.4,4163.8,3074.5,3329.9,0,2195.6,2927.4,3970.5,3610.2,2658.3,3976.1,2361.3,3446.8,8525.9,5016.1,2756.2,6070.4,2219.7,7291.9,2681,4415.9,8065.1,8251.1
Little Village,5372.6,3964.6,5355.8,4288,3500,1378.7,5194.5,3358.5,4719.6,2957.4,2355.6,1836,1411.9,6194.6,4671.4,4613.3,2788.4,7142.1,2492.5,1901.4,3564.6,3170.5,2480.5,2777.9,1540,2002.5,3691.8,3719.1,2307.9,1902,4416,2931.7,2972.5,1776.6,8321.9,3366.1,1175.4,3626.3,1916.3,575,2461.5,4974,3896.6,3941.9,2245.1,4896.9,3577.6,5756.7,4514.3,1329.3,687.1,2356.1,3785.5,4104.4,1323.9,5090.6,3611.6,5287.7,4031.5,2401.3,2362.3,1213.2,2146.6,0,3132.3,1853.8,5550.6,4704.3,4169.2,1684.3,5190,6506,2996.2,2692.8,4050.5,4265.7,5182.4,3887.8,2432.2,6033.1,6287.6
Lincoln Belmont,7841,1650.2,6787.3,6492.9,1969.2,2588.8,3287.4,4993.9,1773.2,2889.3,3989.7,3461.3,1941.2,7815.2,6144.8,6044.8,4787.8,9310.5,5708.7,4323.8,6811.4,6201.5,3878.3,1891.6,2088.9,1641.3,5775.3,5076.5,2171.8,1708.6,1622.4,638.4,5504.1,4807.6,9800.7,1492.8,2879.6,779,3106.3,2980.7,1215.8,2078.1,3192.1,2636.1,1067.1,2049.6,596.4,8033.3,7161.9,2918.1,3600.3,3415.5,6625.9,2407.5,3375.4,6340.2,6642.6,8152.5,968.3,5241.7,2340.3,4249.3,2911.8,3115.5,0,4694.2,3810.9,3174.8,1170.8,2019.4,3538.2,7888.7,4505.3,1466.2,5482,2534.5,6959.7,1936.1,3944,7653.7,7537.2
Gage Park,3535.8,5914.8,3523.9,2451.2,5295.6,2830.6,7086.6,1544.8,6274.3,4753,1730,2115.9,2931.1,4277,2828,2781.4,1199.5,5305.3,1016.2,812,2118.9,2407.4,2671.4,4400.3,3361.3,3823.8,1855,2609.1,4121.3,3459.8,6024.4,4489.5,1124.4,1029.1,6490,5486.7,2420.4,5181,2600.1,2396.3,4429.3,6528.7,5692.2,5737.5,3753.2,6451.6,5135.4,3919.9,2677.5,3130,2101.2,4151.7,1933.4,5996.5,1458.8,3504.1,2322.7,3435.6,5589.3,549.2,3380.8,832.8,3942.2,1889,4687,0,7442.7,6499.9,5723.9,3242.1,7082.1,4674.1,1982,4315.2,2349.3,6061.3,3269.2,5779.9,2446,4115.3,4405.4
Oriole Park,11018.9,2595.1,10110.3,9670.8,2343.9,5541.6,1682.5,8171.8,4066.5,2823.8,7167.6,6639.2,4831.9,11007.9,9467.8,9367.8,7965.7,12503.2,7299.2,7250.2,8371.3,6584.2,7201.3,5543,4177.8,3791.4,8953.2,8399.5,3483,4661.4,3270.2,4219,8321.3,6729,13164.5,2623.6,5835.8,3085.9,6266.1,4903.3,3437.6,3897.1,2013.8,1736,3928,3473.5,4252.1,11211.2,10109.6,4502.6,5492.2,3469.8,8997.7,1391.3,6672.7,9704,7025.3,10251.7,3852.6,7645.7,5726.9,6808.5,3639.4,5457.5,3800.1,7449.1,0,1097.5,3535.3,5198.4,836.9,11252.5,7797.4,4944.6,8805,1451.7,10137.6,1902.2,7203.2,10846.4,10901
Dunning,9969.4,2771.5,9402.3,8962.8,1418.9,4833.6,2597.6,7463.8,4242.9,1829.7,6459.6,5931.2,4123.9,10299.9,8759.8,8659.8,7257.7,11795.2,6305.1,6475.9,7377.2,5590.1,6493.3,4728.4,3466.3,3080.7,8245.2,7691.5,2519.3,3953.4,3446.6,3511,7547,5734.9,12456.5,2508.6,5127.8,3348.7,5558.1,4138.6,2729.6,4485.8,1019.7,774.5,3220,4062.2,3564.4,10353.5,9111.1,3504.1,4493.7,2475.7,8003.6,1567.7,5898.4,8996,6031.2,9257.6,3972.8,6651.6,5018.9,5810,2640.9,4675.7,3107.8,6450.6,1043.8,0,3711.7,4490.4,1737.1,10544.5,7089.4,4236.6,8097,1048.4,9429.6,2078.6,6495.2,10138.4,10193
Bezazian,8707.6,1351.6,7653.9,7359.5,2859,3526.2,3025.5,5860.5,730.8,3938.1,4856.3,4327.9,2989.8,8681.8,7011.4,6911.4,5654.4,10177.1,6757.3,5372.4,7860,7250.1,4744.9,2758.2,3125,2690,6641.9,5943.1,3220.6,2641.3,1160.2,1505,6370.7,5856.2,10667.3,1778.7,3801.8,772.4,3972.9,4029.3,2259.3,1241.8,4240.9,3501,2115.7,1517,1212.9,8899.9,8028.5,3966.7,4648.9,4464.3,7674.5,2145.6,4424,7206.8,7691.2,9285.8,506.4,6290.3,3206.9,5297.9,3960.6,4164.1,1225.1,5742.8,3549,3911.9,0,3004.3,3276.3,8755.3,5371.9,2332.8,6348.6,2942,7826.3,1674.2,4810.6,8520.3,8403.8
West Loop,6041.3,3387.8,5179.4,4693.2,3145.3,662,4817.4,3194.2,3462.4,3064.9,2190,1661.6,684,6030.3,4507.1,4436.9,2988.1,7525.6,4231.5,2724,5334.2,4800.7,2273.9,1192.5,1409.5,1801.5,3975.6,3468.1,2325.7,738.6,3367.7,1540,3704.4,3406.8,8286.3,2959.7,907.1,2524.3,1387.9,1533.7,1902.3,3872,4004.1,3732,1226.2,3794.9,1826.7,6233.6,5362.2,1721.8,2199.5,2463.6,5472.1,3727.3,1905,4825.8,5241.8,6619.5,2386.6,3764.5,836.2,2772.1,2254.1,1714.7,1823.8,3217,5173.5,4443.4,2879.7,0,4812.9,6374.3,2819.8,1107.4,3874.1,3803.1,5160,3510.7,2225.6,5868.8,6022.8
Roden,10818.4,2217.8,9909.8,9470.3,2143.7,5341.1,937,7971.3,3638.2,2735.4,6967.1,6438.7,4631.4,10807.4,9267.3,9167.3,7765.2,12302.7,7254.8,7049.7,8326.9,6740.1,7000.8,5284.2,3977.3,3590.9,8752.7,8199,3282.5,4460.9,2841.9,4031,8120.8,6538.9,12964,2364.8,5635.3,2827.1,6065.6,4702.8,3237.1,3277.7,2327,1827.8,3727.5,3121,3993.3,11010.7,9704.8,4321.1,5310.7,3381.4,8976,1116.8,6472.2,9503.5,7181.2,10478.2,3593.8,7471.9,5526.4,6403.7,3457.9,5257,3541.3,7044.3,825.7,1770.4,3276.5,4997.9,0,11052,7596.9,4858.8,8604.5,1343.3,9937.1,1643.4,7002.7,10645.9,10700.5
Jeffery Manor,3288.6,9559.6,1266.7,2910.5,9332.3,6084.8,11004.4,3211.2,9481.8,9283.3,4257.9,4760.1,6743,1669.2,1986.2,1889.6,3954.8,2592.5,4913.1,4777.6,4672.2,6685.4,4164,6419.1,7670.5,7939.4,3025.4,3157.9,8617.2,7011.1,9531.8,7505.9,3884.8,5677.4,1841.9,9146.7,5685.2,8688.4,5102.9,6934.6,8089.3,9770.1,10222.5,9919,7413.2,9959,7862.4,2660.2,3113.9,7657.4,6711.9,8682,4029.9,9914.3,5363.7,1624.2,6133.2,3866.8,8422.3,4602.3,5626.2,5494.4,8472.5,6466.3,8047.7,4688.4,11360.5,10630.4,8899.1,6350.8,10999.9,0,3550.2,6709.3,2444.4,9990.1,2378.5,9697.7,4218,1329.1,845.1
Hall,4110,6097.1,2401.4,2832.8,5854.6,2607.1,7526.7,1077.4,6020.4,5800.7,737.7,1259.8,3260.4,3429.3,1758.9,1658.9,1129.2,4924.6,3000.6,1368.9,3806.2,4009.9,830.2,3163.6,4187.9,4461.7,2117.2,774.6,5134.6,3533.4,6077,4042.5,1868.1,2578,5367.5,5669,2202.6,5233.6,1702.1,3452,4611.6,6308.7,6739.9,6441.3,3935.5,6504.2,4382.3,4302.3,3499.1,4174.8,3211.6,5199.4,3611.7,6436.6,1863.4,2374.6,4282,4688.2,4942.2,2508.5,2370.7,2197.6,4989.9,2966,4533.1,1998,7882.8,7152.7,5437.7,2873.1,7522.2,3551.6,0,3453.8,1096.1,6512.4,3081.3,6220,712.8,3267.8,3282.9
Near North,6798.2,2973.1,5491.8,5450.1,3157.5,1698.8,4610.3,3951.1,2895.3,3205.9,2946.9,2418.5,1681.7,6519.7,4849.3,4749.3,3745,8015,5216.8,3709.3,6409,5783.3,2582.8,596.1,1991.9,1860.9,4732.5,3781,2492.7,1090.4,2945.3,899.5,4461.3,4389.4,8505.2,2619.9,1892.4,2101.9,1810.8,2516.3,1806.4,3183.6,3726.1,3744.2,1261.1,3372.5,1257.2,6990.5,6119.1,2714,3182.1,3455.8,6229,3585.8,2890.3,5044.7,6224.4,7376.4,1817.1,4749.8,1044.8,3757.4,2828.2,2697.3,1461.2,4202.3,5032,4301.9,2312.6,1127.3,4861.1,6593.2,3209.8,0,4186.5,3661.6,5916.9,3259,2648.5,6358.2,6241.7
Coleman,3499.2,7128.9,1534.2,2255.2,6886.4,3638.9,8558.5,1055.5,7089.6,6837.4,1812,2314.2,4297.1,2723.4,992.9,677.1,1503.3,4218.7,2839.8,2323.6,3369.6,4585.7,1718.1,4026.9,5224.6,5493.5,1682.2,1133.8,6171.3,4565.2,7108.8,5113.7,1834.9,3322.1,4440.5,6700.8,3239.3,6265.4,2657,4488.7,5643.4,7377.9,7776.6,7473.1,4967.3,7536,5470.2,3703.9,2906.1,5211.5,4266,6236.1,3176.7,7468.4,2917.8,1412.2,4059.9,4077.4,6030.1,2529,3234,3052.3,6026.6,4020.4,5655.5,2331.9,8914.6,8184.5,6506.9,3904.9,8554,2624.6,1102.6,4317.1,0,7544.2,2454.5,7251.8,1773.2,2561.9,2355.9
Austin-Irving,9688.8,1996.8,8780.2,8340.7,917.5,4211.5,1654.3,6841.7,3468.2,1410.1,5837.5,5309.1,3501.8,9677.8,8137.7,8037.7,6635.6,11173.1,6002.6,5920.1,7074.7,5434.6,5871.2,4106.3,2847.7,2461.3,7623.1,7069.4,2084.1,3331.3,2671.9,2888.9,6991.2,5286.7,11834.4,1693.7,4505.7,2533.8,4936,3703.4,2107.5,3711.1,1348.6,604.3,2597.9,3287.5,2942.3,9881.1,8675.9,3068.9,4058.5,2056.1,7947.1,793,5342.6,8373.9,5875.7,9449.3,3208.1,6219.7,4396.8,5374.8,2205.7,4240.5,2485.7,6015.4,1484,1018.4,2937,3868.3,1359,9922.4,6467.3,3614.5,7474.9,0,8807.5,1303.9,5873.1,9516.3,9570.9
Woodson Regional Library,1384.3,8312.2,1947.1,867.3,8069.7,4803.5,9741.8,2031.7,8235.5,8008.3,3010.7,3491.2,5468,1288.4,1488.6,2106.2,2474.2,2761,3423.3,3292,2838,5195.8,3704.2,5955.8,6395.5,6743,1441.3,3465.7,7342.2,5748.5,8292.1,6257.6,2397.1,4186.8,3756.1,7884.1,4410.2,7448.7,4226.4,5659.6,6826.7,8523.8,8947.5,8656.4,6150.6,8719.3,6597.4,1571.9,1066.8,6382.4,5236.2,7407,2070.7,8651.7,3873.4,2860.2,4643.6,1962.5,7157.3,3111.7,5007.1,4004.8,7197.5,5081.4,6748.2,3198.8,10097.9,9367.8,7652.8,5088.2,9737.3,2469.3,2925.3,5870.7,2385.8,8727.5,0,8435.1,3525.9,1126.7,2556.1
Mayfair,9532.8,717.6,8624.2,8184.7,1291,4055.5,1383.9,6685.7,2189,2411.1,5681.5,5153.1,3345.8,9521.8,7981.7,7881.7,6479.6,11017.1,6048,5641.5,7120.1,6417.2,5715.2,3687.9,2569.1,2182.7,7467.1,6913.4,1951.8,3175.3,1392.7,2434.7,6712.6,5332.1,11597,768.5,4349.7,1230.8,4780,3294.6,1828.9,2431.9,2609.2,1868.1,2441.9,2008.3,2397,9725.1,8296.6,3080.6,4124.8,2937.3,7567.8,512.7,5064,8136.5,6858.3,9070,1997.5,6183.6,4136.6,4995.5,2632.4,3848.8,1945,5636.1,1916.1,2279,1680.2,3712.3,1643.4,9685,6311.3,3262.5,7318.9,1309.1,8651.5,0,5717.1,9360.3,9333.5
Chicago Bee,4678,5534.3,3076.8,3395.6,5291.8,2044.3,6963.9,1645.4,5457.6,5237.9,795.8,809.5,2697.6,4104.7,2434.3,2334.3,1690.5,5600,3431.8,1835,4354.5,4464.5,364.9,2588.5,3625.1,3898.9,2678,1409.3,4571.8,2970.6,5514.2,3479.7,2406.8,3032.6,6285.7,5106.2,1639.8,4670.8,1139.3,2889.2,4048.8,5745.9,6177.1,5878.5,3372.7,5941.4,3819.5,4870.3,4064.6,3612,2632.2,4636.6,4174.5,5873.8,1284,2825.2,4738.3,5256.2,4379.4,2964.8,1795.6,2193.4,4427.1,2489.7,3970.3,2452.6,7320,6589.9,4874.9,2310.3,6959.4,4227,712.6,2878.7,1771.5,5949.6,3649.3,5657.2,0,3943.2,4022.2
Vodak-East Side,1529.5,9130.8,1865,1749.3,8888.3,5622.1,10560.4,2743.7,9054.1,8826.9,3814.5,4309.8,6286.6,356.2,1612.3,2113.2,3376.1,1729.6,4325.2,4193.9,3739.9,6097.7,3908.5,6217.3,7214.1,7561.6,2340.9,3571.2,8160.8,6567.1,9110.7,7076.2,3299,5088.7,3073.7,8702.7,5228.8,8267.3,4847.4,6478.2,7645.3,9342.4,9766.1,9475,6969.2,9537.9,7660.6,1329.7,1779.3,7201,6138.1,8225.6,2859.5,9470.3,4775.3,2703.2,5545.5,2099.8,8220.5,4013.6,5424.4,4906.7,8016.1,6027.1,7566.8,4100.7,10916.5,10186.4,8471.4,5906.8,10555.9,1993.2,3294.7,6507.5,2590.1,9546.1,1127.8,9253.7,3962.5,0,2080
South Chicago,3707.9,9149.4,1106.7,2778,8948.6,5725.2,10620.7,3051.2,9071.6,8955.2,4097.9,4560.3,6417.2,2551.7,1826.2,1729.6,3794.8,3456.5,4753.1,4617.6,4539.7,6525.4,3881.7,6008.9,7342.4,7555.7,2865.4,2783,8131.8,6660.7,9121.6,7095.7,3724.8,5517.4,2524.2,8763,5390.6,8278.2,4774.3,6640,7705.6,9359.9,9894.4,9535.3,7029.5,9548.8,7452.2,3520.8,3428.9,7335,6519.2,8353.9,3897.4,9530.6,5171,1187.3,5973.2,4286.1,8012.1,4442.3,5216,5334.4,8144.4,6240.5,7637.5,4528.4,10976.8,10246.7,8488.9,6000.4,10616.2,857.7,3390.2,6299.1,2284.4,9606.4,2797.8,9314,3978.1,2221.3,0
